Feature,MeanAbsSHAP
OverTime,0.7483707528128475
EnvironmentSatisfaction,0.5628708489466078
Age,0.36750066911846113
MonthlyIncome,0.2557638299641837
DailyRate,0.2004898999791887
DistanceFromHome,0.1897027430212016
RoleStability,0.1587957794990012
MonthlyRate,0.15497757357514183
